Cid, Title, SubTitle, ClassNo, SubClassNo, TitleClass, SubTitleClass
10000113, 胡德, 胡德, 海军上将级1号舰, 海军上将级1号舰, 海军上将级, 海军上将级
10000213, 扶桑, 扶桑, 扶桑型1番舰, 扶桑型1番舰, 扶桑型, 扶桑型
10000313, 山城, 山城, 扶桑型2番舰, 扶桑型2番舰, 扶桑型, 扶桑型
10000413, 伊势, 伊势, 伊势型1番舰, 伊势型1番舰, 伊势型, 伊势型
10000513, 日向, 日向, 伊势型2番舰, 伊势型2番舰, 伊势型, 伊势型
10000613, 俾斯麦, 俾斯麦, 俾斯麦级1号舰, 俾斯麦级1号舰, 俾斯麦级, 俾斯麦级
10000713, 提尔比茨, 提尔比茨, 俾斯麦级2号舰, 俾斯麦级2号舰, 俾斯麦级, 俾斯麦级
10000813, 纳尔逊, 纳尔逊, 纳尔逊级1号舰, 纳尔逊级1号舰, 纳尔逊级, 纳尔逊级
10000913, 罗德尼, 罗德尼, 纳尔逊级2号舰, 纳尔逊级2号舰, 纳尔逊级, 纳尔逊级
10001013, 威尔士亲王, 威尔士亲王, 英王乔治五世级2号舰, 英王乔治五世级2号舰, 英王乔治五世级, 英王乔治五世级
10001113, 内华达, 内华达, 内华达级1号舰, 内华达级1号舰, 内华达级, 内华达级
10001213, 俄克拉荷马, 俄克拉荷马, 内华达级2号舰, 内华达级2号舰, 内华达级, 内华达级
10001313, 安德烈亚·多利亚, 安德烈亚·多利亚, 安德烈亚·多利亚1号舰, 安德烈亚·多利亚1号舰, 安德烈亚·多利亚级, 安德烈亚·多利亚级
10001413, 金刚, 金刚, 金刚型1番舰, 金刚型1番舰, 金刚型, 金刚型
10001513, 比睿, 比睿, 金刚型2番舰, 金刚型2番舰, 金刚型, 金刚型
10001613, 榛名, 榛名, 金刚型3番舰, 金刚型3番舰, 金刚型, 金刚型
10001713, 雾岛, 雾岛, 金刚型4番舰, 金刚型4番舰, 金刚型, 金刚型
10001813, 声望, 声望, 声望级1号舰, 声望级1号舰, 声望级, 声望级
10001913, 反击, 反击, 声望级2号舰, 声望级2号舰, 声望级, 声望级
10002013, 阿拉斯加, 阿拉斯加, 阿拉斯加级1号舰, 阿拉斯加级1号舰, 阿拉斯加级, 阿拉斯加级
10002113, 关岛, 关岛, 阿拉斯加级2号舰, 阿拉斯加级2号舰, 阿拉斯加级, 阿拉斯加级
10002213, 赤城, 赤城, 赤城型1番舰, 赤城型1番舰, 赤城型, 赤城型
10002313, 加贺, 加贺, 加贺型1番舰, 加贺型1番舰, 加贺型, 加贺型
10002412, 祥凤, 祥凤, 祥凤型1番舰, 祥凤型1番舰, 祥凤型, 祥凤型
10002512, 瑞凤, 瑞凤, 祥凤型2番舰, 祥凤型2番舰, 祥凤型, 祥凤型
10002612, 百眼巨人, 百眼巨人, 百眼巨人级1号舰, 百眼巨人级1号舰, 百眼巨人级, 百眼巨人级
10002712, 兰利, 兰利, 兰利级1号舰, 兰利级1号舰, 兰利级, 兰利级
10002812, 突击者, 突击者, 突击者级1号舰, 突击者级1号舰, 突击者级, 突击者级
10002913, 列克星敦, 列克星敦, 列克星敦级1号舰, 列克星敦级1号舰, 列克星敦级, 列克星敦级
10003013, 萨拉托加, 萨拉托加, 列克星敦级2号舰, 列克星敦级2号舰, 列克星敦级, 列克星敦级
10003113, 大黄蜂, 大黄蜂, 约克城级3号舰, 约克城级3号舰, 约克城级, 约克城级
10003212, 高雄, 高雄, 高雄型1番舰, 高雄型1番舰, 高雄型, 高雄型
10003312, 爱宕, 爱宕, 高雄型2番舰, 高雄型2番舰, 高雄型, 高雄型
10003412, 摩耶, 摩耶, 高雄型3番舰, 高雄型3番舰, 高雄型, 高雄型
10003512, 鸟海, 鸟海, 高雄型4番舰, 高雄型4番舰, 高雄型, 高雄型
10003612, 希佩尔海军上将, 希佩尔海军上将, 希佩尔海军上将级1号舰, 希佩尔海军上将级1号舰, 希佩尔海军上将级, 希佩尔海军上将级
10003712, 布吕歇尔, 布吕歇尔, 希佩尔海军上将级2号舰, 希佩尔海军上将级2号舰, 希佩尔海军上将级, 希佩尔海军上将级
10003812, 欧根亲王, 欧根亲王, 希佩尔海军上将级3号舰, 希佩尔海军上将级3号舰, 希佩尔海军上将级, 希佩尔海军上将级
10003912, 威奇塔, 威奇塔, 威奇塔级1号舰, 威奇塔级1号舰, 威奇塔级, 威奇塔级
10004012, 昆西, 昆西, 新奥尔良级6号舰, 新奥尔良级6号舰, 新奥尔良级, 新奥尔良级
10004112, 天龙, 天龙, 天龙型1番舰, 天龙型1番舰, 天龙型, 天龙型
10004212, 龙田, 龙田, 天龙型2番舰, 天龙型2番舰, 天龙型, 天龙型
10004312, 北上, 北上, 球磨型3番舰, 球磨型3番舰, 球磨型, 球磨型
10004412, 大井, 大井, 球磨型4番舰, 球磨型4番舰, 球磨型, 球磨型
10004512, 五十铃, 五十铃, 长良型2番舰, 长良型2番舰, 长良型, 长良型
10004612, 夕张, 夕张, 夕张型1番舰, 夕张型1番舰, 夕张型, 夕张型
10004712, 柯尼斯堡, 柯尼斯堡, 柯尼斯堡级1号舰, 柯尼斯堡级1号舰, 柯尼斯堡级, 柯尼斯堡级
10004812, 卡尔斯鲁厄, 卡尔斯鲁厄, 柯尼斯堡级2号舰, 柯尼斯堡级2号舰, 柯尼斯堡级, 柯尼斯堡级
10004912, 科隆, 科隆, 柯尼斯堡级3号舰, 柯尼斯堡级3号舰, 柯尼斯堡级, 柯尼斯堡级
10005012, 天狼星, 天狼星, 黛朵级8号舰, 黛朵级8号舰, 黛朵级, 黛朵级
10005112, 林仙, 林仙, 林仙级1号舰, 林仙级1号舰, 林仙级, 林仙级
10005212, 加拉蒂亚, 加拉蒂亚, 林仙级2号舰, 林仙级2号舰, 林仙级, 林仙级
10005312, 佩内洛珀, 佩内洛珀, 林仙级3号舰, 林仙级3号舰, 林仙级, 林仙级
10005412, 曙光女神, 曙光女神, 林仙级4号舰, 林仙级4号舰, 林仙级, 林仙级
10005512, 奥马哈, 奥马哈, 奥马哈级1号舰, 奥马哈级1号舰, 奥马哈级, 奥马哈级
10005612, 亚特兰大, 亚特兰大, 亚特兰大级1号舰, 亚特兰大级1号舰, 亚特兰大级, 亚特兰大级
10005712, 朱诺, 朱诺, 亚特兰大级2号舰, 亚特兰大级2号舰, 亚特兰大级, 亚特兰大级
10005812, 布鲁克林, 布鲁克林, 布鲁克林级1号舰, 布鲁克林级1号舰, 布鲁克林级, 布鲁克林级
10005912, 海伦娜, 海伦娜, 布鲁克林级9号舰, 布鲁克林级9号舰, 布鲁克林级, 布鲁克林级
10006012, 宁海, 宁海, 宁海级1号舰, 宁海级1号舰, 宁海级, 宁海级
10006112, 平海, 平海, 宁海级2号舰, 宁海级2号舰, 宁海级, 宁海级
10006211, 罗伯茨, 罗伯茨, 罗伯茨级1号舰, 罗伯茨级1号舰, 罗伯茨级, 罗伯茨级
10006311, 阿贝克隆比, 阿贝克隆比, 罗伯茨级2号舰, 罗伯茨级2号舰, 罗伯茨级, 罗伯茨级
10006411, 吹雪, 吹雪, 吹雪型1番舰, 吹雪型1番舰, 吹雪型, 吹雪型
10006511, 白雪, 白雪, 吹雪型2番舰, 吹雪型2番舰, 吹雪型, 吹雪型
10006611, 初雪, 初雪, 吹雪型3番舰, 吹雪型3番舰, 吹雪型, 吹雪型
10006711, 深雪 , 深雪 , 吹雪型4番舰, 吹雪型4番舰, 吹雪型, 吹雪型
10006811, 晓, 晓, 晓型1番舰, 晓型1番舰, 晓型, 晓型
10006911, 响, 响, 晓型2番舰, 晓型2番舰, 晓型, 晓型
10007011, 雷, 雷, 晓型3番舰, 晓型3番舰, 晓型, 晓型
10007111, 电, 电, 晓型4番舰, 晓型4番舰, 晓型, 晓型
10007211, 绫波, 绫波, 绫波型1番舰, 绫波型1番舰, 绫波型, 绫波型
10007311, 敷波, 敷波, 绫波型2番舰, 绫波型2番舰, 绫波型, 绫波型
10007411, Z1, Z1, 1934型1号舰, 1934型1号舰, 1934型, 1934型
10007511, Z16, Z16, 1934A型11号舰, 1934A型11号舰, 1934A型, 1934A型
10007611, Z21, Z21, 1936型5号舰, 1936型5号舰, 1936型, 1936型
10007711, Z22, Z22, 1936型6号舰, 1936型6号舰, 1936型, 1936型
10007811, Z24, Z24, 1936A型2号舰, 1936A型2号舰, 1936A型, 1936A型
10007911, Z28, Z28, 1936A型6号舰, 1936A型6号舰, 1936A型, 1936A型
10008011, Z31, Z31, 1936AM型1号舰, 1936AM型1号舰, 1936AM型, 1936AM型
10008111, 紫石英, 紫石英, F116, F116, 黑天鹅级, 黑天鹅级
10008211, 萤火虫, 萤火虫, G级4号舰, G级4号舰, G级, G级
10008311, 标枪, 标枪, J级8号舰, J级8号舰, J级, J级
10008411, 天后, 天后, J级4号舰, J级4号舰, J级, J级
10008511, 黑背豺, 黑背豺, J级2号舰, J级2号舰, J级, J级
10008611, 哥萨克人, 哥萨克人, 部族级4号舰, 部族级4号舰, 部族级, 部族级
10008711, 爱斯基摩人, 爱斯基摩人, 部族级5号舰, 部族级5号舰, 部族级, 部族级
10008811, 旁遮普人, 旁遮普人, 部族级12号舰, 部族级12号舰, 部族级, 部族级
10008911, 弗莱彻, 弗莱彻, DD-445, DD-445, 弗莱彻级, 弗莱彻级
10009011, 卡辛杨, 卡辛杨, DD-793, DD-793, 弗莱彻级, 弗莱彻级
10009111, 安东尼, 安东尼, DD-515, DD-515, 弗莱彻级, 弗莱彻级
10009211, 布雷恩, 布雷恩, DD-630, DD-630, 弗莱彻级, 弗莱彻级
10009311, 基林, 基林, DD-710, DD-710, 基林级, 基林级
10009411, 基阿特, 基阿特, DD-712, DD-712, 基林级, 基林级
10009511, 弗兰克·诺克斯, 弗兰克·诺克斯, DD-742, DD-742, 基林级, 基林级
10009611, 鲍尔, 鲍尔, DD-839, DD-839, 基林级, 基林级
10009711, 果敢, 果敢, 7型17号舰, 7型17号舰, 7型, 7型
10009811, 沃克兰, 沃克兰, 沃克兰级1号舰, 沃克兰级1号舰, 沃克兰级, 沃克兰级
10009911, 空想, 空想, 空想级1号舰, 空想级1号舰, 空想级, 空想级
10010013, 狮, 狮, 狮级1号舰, 狮级1号舰, 狮级, 狮级
10010113, 长门, 长门, 长门型1番舰, 长门型1番舰, 长门型, 长门型
10010213, 陆奥, 陆奥, 长门型2番舰, 长门型2番舰, 长门型, 长门型
10010313, 皇家橡树, 皇家橡树, R级4号舰, R级4号舰, R级, R级
10010413, 厌战, 厌战, 伊丽莎白女王级2号舰, 伊丽莎白女王级2号舰, 伊丽莎白女王级, 伊丽莎白女王级
10010513, 前卫, 前卫, 前卫级1号舰, 前卫级1号舰, 前卫级, 前卫级
10010613, 田纳西, 田纳西, 田纳西级1号舰, 田纳西级1号舰, 田纳西级, 田纳西级
10010713, 加利福尼亚, 加利福尼亚, 田纳西级2号舰, 田纳西级2号舰, 田纳西级, 田纳西级
10010813, 科罗拉多, 科罗拉多, 科罗拉多级1号舰, 科罗拉多级1号舰, 科罗拉多级, 科罗拉多级
10010913, 马里兰, 马里兰, 科罗拉多级2号舰, 科罗拉多级2号舰, 科罗拉多级, 科罗拉多级
10011013, 西弗吉尼亚, 西弗吉尼亚, 科罗拉多级3号舰, 科罗拉多级3号舰, 科罗拉多级, 科罗拉多级
10011113, 华盛顿, 华盛顿, 北卡罗来纳级2号舰, 北卡罗来纳级2号舰, 北卡罗来纳级, 北卡罗来纳级
10011213, 维内托, 维内托, 维内托级1号舰, 维内托级1号舰, 维内托级, 维内托级
10011313, 黎塞留, 黎塞留, 黎塞留级1号舰, 黎塞留级1号舰, 黎塞留级, 黎塞留级
10011413, 沙恩霍斯特, 沙恩霍斯特, 沙恩霍斯特级1号舰, 沙恩霍斯特级1号舰, 沙恩霍斯特级, 沙恩霍斯特级
10011513, 格奈森瑙, 格奈森瑙, 沙恩霍斯特级2号舰, 沙恩霍斯特级2号舰, 沙恩霍斯特级, 沙恩霍斯特级
10011713, 大凤, 大凤, 大凤型1号舰, 大凤型1号舰, 大凤型, 大凤型
10011813, 齐柏林伯爵, 齐柏林伯爵, 齐柏林伯爵级1号舰, 齐柏林伯爵级1号舰, 齐柏林伯爵级, 齐柏林伯爵级
10011913, 皇家方舟, 皇家方舟, 皇家方舟级1号舰, 皇家方舟级1号舰, 皇家方舟级, 皇家方舟级
10012013, 约克城, 约克城, 约克城级1号舰, 约克城级1号舰, 约克城级, 约克城级
10012113, 企业, 企业, 约克城级2号舰, 约克城级2号舰, 约克城级, 约克城级
10012212, 龙骧, 龙骧, 龙骧型1番舰, 龙骧型1番舰, 龙骧型, 龙骧型
10012312, 博格, 博格, 博格级1号舰, 博格级1号舰, 博格级, 博格级
10012412, 追赶者, 追赶者, 攻击者级3号舰, 攻击者级3号舰, 攻击者级, 攻击者级
10012512, 巨像, 巨像, 巨像级1号舰, 巨像级1号舰, 巨像级, 巨像级
10012612, 普林斯顿, 普林斯顿, 独立级2号舰, 独立级2号舰, 独立级, 独立级
10012712, 独角兽, 独角兽, 无番号, 无番号, 无级别, 无级别
10012813, 德意志, 德意志, 德意志级1号舰, 德意志级1号舰, 德意志级, 德意志级
10012913, 舍尔海军上将, 舍尔海军上将, 德意志级2号舰, 德意志级2号舰, 德意志级, 德意志级
10013013, 斯佩伯爵海军上将, 斯佩伯爵海军上将, 德意志级3号舰, 德意志级3号舰, 德意志级, 德意志级
10013112, 古鹰, 古鹰, 古鹰型1番舰, 古鹰型1番舰, 古鹰型, 古鹰型
10013212, 加古, 加古, 古鹰型2番舰, 古鹰型2番舰, 古鹰型, 古鹰型
10013312, 青叶, 青叶, 青叶型1番舰, 青叶型1番舰, 青叶型, 青叶型
10013412, 衣笠, 衣笠, 青叶型2番舰, 青叶型2番舰, 青叶型, 青叶型
10013512, 伦敦, 伦敦, 伦敦级1号舰, 伦敦级1号舰, 伦敦级, 伦敦级
10013612, 肯特, 肯特, 肯特级1号舰, 肯特级1号舰, 肯特级, 肯特级
10013712, 波特兰, 波特兰, 波特兰级1号舰, 波特兰级1号舰, 波特兰级, 波特兰级
10013812, 印第安纳波利斯, 印第安纳波利斯, 波特兰级2号舰, 波特兰级2号舰, 波特兰级, 波特兰级
10013912, 彭萨科拉, 彭萨科拉, 彭萨科拉级1号舰, 彭萨科拉级1号舰, 彭萨科拉级, 彭萨科拉级
10014012, 盐湖城, 盐湖城, 彭萨科拉级2号舰, 彭萨科拉级2号舰, 彭萨科拉级, 彭萨科拉级
10014112, 北安普顿, 北安普顿, 北安普顿级1号舰, 北安普顿级1号舰, 北安普顿级, 北安普顿级
10014212, 休斯顿, 休斯顿, 北安普顿级5号舰, 北安普顿级5号舰, 北安普顿级, 北安普顿级
10014312, 新奥尔良, 新奥尔良, 新奥尔良级1号舰, 新奥尔良级1号舰, 新奥尔良级, 新奥尔良级
10014412, 基洛夫, 基洛夫, 26型1号舰, 26型1号舰, 26型, 26型
10014512, 川内, 川内, 川内型1番舰, 川内型1番舰, 川内型, 川内型
10014612, 神通, 神通, 川内型2番舰, 川内型2番舰, 川内型, 川内型
10014712, 那珂, 那珂, 川内型3番舰, 川内型3番舰, 川内型, 川内型
10014812, M计划, M计划, M计划级1号舰, M计划级1号舰, M计划级, M计划级
10014912, 埃姆登, 埃姆登, 埃姆登级1号舰, 埃姆登级1号舰, 埃姆登级, 埃姆登级
10015012, 翡翠, 翡翠, 翡翠级1号舰, 翡翠级1号舰, 翡翠级, 翡翠级
10015112, 进取, 进取, 翡翠级2号舰, 翡翠级2号舰, 翡翠级, 翡翠级
10015212, 爱丁堡, 爱丁堡, 爱丁堡级1号舰, 爱丁堡级1号舰, 爱丁堡级, 爱丁堡级
10015312, 贝尔法斯特, 贝尔法斯特, 爱丁堡级2号舰, 爱丁堡级2号舰, 爱丁堡级, 爱丁堡级
10015413, 勇敢, 勇敢, 勇敢级1号舰, 勇敢级1号舰, 勇敢级, 勇敢级
10015513, 光荣, 光荣, 勇敢级2号舰, 勇敢级2号舰, 勇敢级, 勇敢级
10015712, 圣地亚哥, 圣地亚哥, 亚特兰大级3号舰, 亚特兰大级3号舰, 亚特兰大级, 亚特兰大级
10015812, 圣胡安, 圣胡安, 亚特兰大级4号舰, 亚特兰大级4号舰, 亚特兰大级, 亚特兰大级
10016012, 摩尔曼斯克, 摩尔曼斯克, 奥马哈级2号舰, 奥马哈级2号舰, 奥马哈级, 奥马哈级
10016112, 德·鲁伊特, 德·鲁伊特, 无番号, 无番号, 无级别, 无级别
10016212, 逸仙, 逸仙, 无番号, 无番号, 无级别, 无级别
10016411, 秋月, 秋月, 秋月型1番舰, 秋月型1番舰, 秋月型, 秋月型
10016511, 凉月, 凉月, 秋月型3番舰, 秋月型3番舰, 秋月型, 秋月型
10016611, 阳炎, 阳炎, 阳炎型1番舰, 阳炎型1番舰, 阳炎型, 阳炎型
10016711, 不知火, 不知火, 阳炎型2番舰, 阳炎型2番舰, 阳炎型, 阳炎型
10016811, 黑潮, 黑潮, 阳炎型3番舰, 阳炎型3番舰, 阳炎型, 阳炎型
10016911, 雪风, 雪风, 阳炎型8番舰, 阳炎型8番舰, 阳炎型, 阳炎型
10017111, Z46, Z46, 1936C型1号舰, 1936C型1号舰, 1936C型, 1936C型
10017211, 热心, 热心, A级3号舰, A级3号舰, A级, A级
10017311, 阿卡司塔, 阿卡司塔, A级6号舰, A级6号舰, A级, A级
10017411, 索玛雷兹, 索玛雷兹, S级1号舰, S级1号舰, S级, S级
10017511, 维纳斯, 维纳斯, V级1号舰, V级1号舰, V级, V级
10017611, 军团, 军团, L级4号舰, L级4号舰, L级, L级
10017711, 撒切尔, 撒切尔, DD-514, DD-514, 弗莱彻级, 弗莱彻级
10017811, 沙利文, 沙利文, DD-537, DD-537, 弗莱彻级, 弗莱彻级
10017911, 西格斯比, 西格斯比, DD-502, DD-502, 弗莱彻级, 弗莱彻级
10018011, 奥班农, 奥班农, DD-450, DD-450, 弗莱彻级, 弗莱彻级
10018111, 威廉·D·波特, 威廉·D·波特, DD-579, DD-579, 弗莱彻级, 弗莱彻级
10018211, 波特, 波特, DD-356, DD-356, 波特级, 波特级
10018311, 拉菲, 拉菲, DD-724 , DD-724 , 艾伦·萨姆纳级, 艾伦·萨姆纳级
10018411, 拉菲, 拉菲, DD-459, DD-459, 本森级, 本森级
10018511, 卡米契亚·内拉, 卡米契亚·内拉, 索尔达蒂级1号舰, 索尔达蒂级1号舰, 索尔达蒂级, 索尔达蒂级
10018611, 阿维埃尔, 阿维埃尔, 索尔达蒂级2号舰, 索尔达蒂级2号舰, 索尔达蒂级, 索尔达蒂级
10018711, 安东尼奥·达诺利, 安东尼奥·达诺利, 航海家级4号舰, 航海家级4号舰, 航海家级, 航海家级
10018811, 乌戈里尼·维瓦尔迪, 乌戈里尼·维瓦尔迪, 航海家级5号舰, 航海家级5号舰, 航海家级, 航海家级
10019211, 塔什干, 塔什干, 20I型1号舰, 20I型1号舰, 20I型, 20I型
10019311, 恩格斯, 恩格斯, 俄尔普斯6号舰, 俄尔普斯6号舰, 俄尔普斯级, 俄尔普斯级
10019411, 大青花鱼, 大青花鱼, SS-218, SS-218, 小鲨鱼级, 小鲨鱼级
10019511, 射水鱼, 射水鱼, SS-311, SS-311, 白鱼级, 白鱼级
10019611, M1, M1, M级1号舰, M级1号舰, M级, M级
10019711, U47, U47, U47, U47, VIIB型, VIIB型
10019811, U505, U505, U505, U505, IXC型, IXC型
10019911, 絮库夫, 絮库夫, 无番号, 无番号, 无级别, 无级别
10020013, 兴登堡, 兴登堡, 兴登堡级1号舰, 兴登堡级1号舰, H39型, H39型
10020313, 伊丽莎白女王, 伊丽莎白女王, 伊丽莎白女王级1号舰, 伊丽莎白女王级1号舰, 伊丽莎白女王级, 伊丽莎白女王级
10020513, 约克公爵, 约克公爵, 英王乔治五世级3号舰, 英王乔治五世级3号舰, 英王乔治五世级, 英王乔治五世级
10020613, 北卡罗来纳, 北卡罗来纳, 北卡罗莱纳级1号舰, 北卡罗莱纳级1号舰, 北卡罗来纳级, 北卡罗来纳级
10020713, 南达科他, 南达科他, 南达科他级1号舰, 南达科他级1号舰, 南达科他级, 南达科他级
10020913, 密苏里, 密苏里, 衣阿华级3号舰, 衣阿华级3号舰, 衣阿华级, 衣阿华级
10021113, 卡约•杜伊里奥, 卡约•杜伊里奥, 安德烈亚·多利亚级2号舰, 安德烈亚·多利亚级2号舰, 安德烈亚·多利亚级, 安德烈亚·多利亚级
10021413, 苏联, 苏联, 苏联级1号舰, 苏联级1号舰, 苏联级（23型）, 苏联级（23型）
10021613, 敦刻尔克, 敦刻尔克, 敦刻尔克级1号舰, 敦刻尔克级1号舰, 敦刻尔克级, 敦刻尔克级
10021811, 古斯塔夫五世, 古斯塔夫五世, 瑞典级3号舰, 瑞典级3号舰, 瑞典级, 瑞典级
10021913, 瑞鹤, 瑞鹤, 翔鹤型2番舰, 翔鹤型2番舰, 翔鹤型, 翔鹤型
10022013, 翔鹤, 翔鹤, 翔鹤型1番舰, 翔鹤型1番舰, 翔鹤型, 翔鹤型
10022113, 飞龙, 飞龙, 飞龙型1番舰, 飞龙型1番舰, 飞龙型, 飞龙型
10022213, 苍龙, 苍龙, 苍龙型1番舰, 苍龙型1番舰, 苍龙型, 苍龙型
10022313, 信浓, 信浓, 大和型3番舰, 大和型3番舰, 大和型, 大和型
10022513, 黄蜂, 黄蜂, 黄蜂级1号舰, 黄蜂级1号舰, 黄蜂级, 黄蜂级
10022613, 埃塞克斯, 埃塞克斯, 埃塞克斯级1号舰, 埃塞克斯级1号舰, 埃塞克斯级, 埃塞克斯级
10022712, 飞鹰, 飞鹰, 飞鹰型1番舰, 飞鹰型1番舰, 飞鹰型, 飞鹰型
10022812, 隼鹰, 隼鹰, 飞鹰型2番舰, 飞鹰型2番舰, 飞鹰型, 飞鹰型
10022912, 凤翔, 凤翔, 凤翔型1番舰, 凤翔型1番舰, 凤翔型, 凤翔型
10023213, 贝亚恩, 贝亚恩, 贝亚恩级1号舰, 贝亚恩级1号舰, 贝亚恩级, 贝亚恩级
10023312, 最上, 最上, 最上型1番舰, 最上型1番舰, 最上型, 最上型
10023412, 三隈, 三隈, 最上型2番舰, 最上型2番舰, 最上型, 最上型
10023512, 铃谷, 铃谷, 最上型3番舰, 最上型3番舰, 最上型, 最上型
10023612, 熊野, 熊野, 最上型4番舰, 最上型4番舰, 最上型, 最上型
10023712, 萨福克, 萨福克, 肯特级5号舰, 肯特级5号舰, 肯特级, 肯特级
10023812, 约克, 约克, 约克级1号舰, 约克级1号舰, 约克级, 约克级
10023912, 埃克赛特, 埃克赛特, 约克级2号舰, 约克级2号舰, 约克级, 约克级
10024112, 巴尔的摩, 巴尔的摩, 巴尔的摩级1号舰, 巴尔的摩级1号舰, 巴尔的摩级, 巴尔的摩级
10024712, 香取, 香取, 香取型1番舰, 香取型1番舰, 香取型, 香取型
10024812, 大淀, 大淀, 大淀型1番舰, 大淀型1番舰, 大淀型, 大淀型
10024912, 莱比锡, 莱比锡, 莱比锡级1号舰, 莱比锡级1号舰, 莱比锡级, 莱比锡级
10025112, 奥克兰, 奥克兰, 亚特兰大级5号舰, 亚特兰大级5号舰, 亚特兰大级, 亚特兰大级
10025312, 应瑞, 应瑞, 应瑞级1号舰, 应瑞级1号舰, 应瑞级, 应瑞级
10025412, 肇和, 肇和, 应瑞级2号舰, 应瑞级2号舰, 应瑞级, 应瑞级
10025911, 吞武里, 吞武里, 吞武里级1号舰, 吞武里级1号舰, 吞武里级, 吞武里级
10026011, 睦月, 睦月, 睦月型1番舰, 睦月型1番舰, 睦月型, 睦月型
10026111, 白露, 白露, 白露型1番舰, 白露型1番舰, 白露型, 白露型
10026311, 村雨, 村雨, 白露型3番舰, 白露型3番舰, 白露型, 白露型
10026411, 夕立, 夕立, 白露型4番舰, 白露型4番舰, 白露型, 白露型
10026511, 岚, 岚, 阳炎型16番舰, 阳炎型16番舰, 阳炎型, 阳炎型
10026711, 岛风, 岛风, 岛风型1番舰, 岛风型1番舰, 岛风型, 岛风型
10026811, 峰风, 峰风, 峰风型1番舰, 峰风型1番舰, 峰风型, 峰风型
10026911, Z17, Z17, 1936型1号舰, 1936型1号舰, 1936型, 1936型
10027011, Z18, Z18, 1936型2号舰, 1936型2号舰, 1936型, 1936型
10027111, 吸血鬼, 吸血鬼, D68, D68, V级, V级
10027211, 海达人, 海达人, G63, G63, 部族级, 部族级
10027511, 康弗斯, 康弗斯, DD-509, DD-509, 弗莱彻级, 弗莱彻级
10027611, 戴森, 戴森, DD-572, DD-572, 弗莱彻级, 弗莱彻级
10027711, 克拉克斯顿, 克拉克斯顿, DD-571, DD-571, 弗莱彻级, 弗莱彻级
10027811, 霍埃尔, 霍埃尔, DD-533, DD-533, 弗莱彻级, 弗莱彻级
10027911, 塞缪尔•罗伯茨, 塞缪尔•罗伯茨, DE-413, DE-413, 巴特勒级, 巴特勒级
10028011, 约翰斯顿, 约翰斯顿, DD-557, DD-557, 弗莱彻级, 弗莱彻级
10028111, 雷鸣, 雷鸣, 7型6号舰, 7型6号舰, 7型, 7型
10028911, U81, U81, U81, U81, VIIC型, VIIC型
10029011, U96, U96, U96, U96, VIIC型, VIIC型
10029211, U156, U156, U156, U156, IXC型, IXC型
10029311, U1206, U1206, U1206, U1206, Ⅶ-C型, Ⅶ-C型
10029411, 刺尾鱼, 刺尾鱼, SS-306, SS-306, 白鱼级, 白鱼级
10029811, 苏赫巴托尔, 苏赫巴托尔, 无番号, 无番号, 无级别, 无级别
10030111, 马汉, 马汉, DD-364, DD-364, 马汉级, 马汉级
10030212, 圣路易斯, 圣路易斯, 布鲁克林级8号舰, 布鲁克林级8号舰, 布鲁克林级, 布鲁克林级
10030311, 奥丁, 奥丁, 无级别, 无级别, 无级别, 无级别
10030412, 圣女贞德, 圣女贞德, 圣女贞德级1号舰, 圣女贞德级1号舰, 圣女贞德级, 圣女贞德级
10030611, 巴夫勒尔, 巴夫勒尔, 战斗级1号舰, 战斗级1号舰, 战斗级, 战斗级
10030711, 女灶神, 女灶神, AR-4, AR-4, 女灶神级, 女灶神级
10030812, 哥特兰, 哥特兰, 哥特兰级1号舰, 哥特兰级1号舰, 哥特兰级, 哥特兰级
10030911, 诺夫哥罗德, 诺夫哥罗德, 诺夫哥罗德级1号舰, 诺夫哥罗德级1号舰, 诺夫哥罗德级, 诺夫哥罗德级
10031011, 库欣, 库欣, DD-376, DD-376, 马汉级, 马汉级
10031112, 瓜达卡纳尔, 瓜达卡纳尔, 卡萨布兰卡级6号舰, 卡萨布兰卡级6号舰, 卡萨布兰卡级, 卡萨布兰卡级
10031212, 纽伦堡, 纽伦堡, 莱比锡级2号舰, 莱比锡级2号舰, 莱比锡级, 莱比锡级
10031312, 阿贾克斯, 阿贾克斯, 利安德级3号舰, 利安德级3号舰, 利安德级, 利安德级
10031412, 哥特雄狮, 哥特雄狮, 三王冠级2号舰, 三王冠级2号舰, 三王冠级, 三王冠级
10031511, 宵月, 宵月, 秋月型10番舰, 秋月型10番舰, 秋月型, 秋月型
10031611, 明斯克, 明斯克, 38型1号舰, 38型1号舰, 38型, 38型
10031711, M2, M2, M级2号舰, M级2号舰, M级, M级
10031813, 毛奇, 毛奇, 毛奇级1号舰, 毛奇级1号舰, 毛奇级, 毛奇级
10031913, 不挠, 不挠, 光辉级4号舰, 光辉级4号舰, 光辉级, 光辉级
10032012, 鹞鹰, 鹞鹰, 鹞鹰级1号舰, 鹞鹰级1号舰, 鹞鹰级, 鹞鹰级
10032211, 希尔曼, 希尔曼, DD-532, DD-532, 弗莱彻级, 弗莱彻级
10032311, 基辅, 基辅, 48型1号舰, 48型1号舰, 48型, 48型
10032412, 塔斯卡卢萨, 塔斯卡卢萨, 新奥尔良级4号舰, 新奥尔良级4号舰, 新奥尔良级, 新奥尔良级
10032513, 列克星敦, 列克星敦, 埃塞克斯级8号舰, 埃塞克斯级8号舰, 埃塞克斯级, 埃塞克斯级
10032612, 诺福克, 诺福克, 诺福克级1号舰, 诺福克级1号舰, 诺福克级, 诺福克级
10032711, 斯特雷特, 斯特雷特, 贝纳姆级9号舰, 贝纳姆级9号舰, 贝纳姆级, 贝纳姆级
10032812, 妙高, 妙高, 妙高型1番舰, 妙高型1番舰, 妙高型, 妙高型
10032912, 奥古斯塔, 奥古斯塔, 北安普顿级6号舰, 北安普顿级6号舰, 北安普顿级, 北安普顿级
10033011, 卫士, 卫士, 果敢级3号舰, 果敢级3号舰, 果敢级, 果敢级
10033113, 无比, 无比, 无比级1号舰, 无比级1号舰, 无比级, 无比级
10033212, 神鹰, 神鹰, 神鹰型1番舰, 神鹰型1番舰, 神鹰型, 神鹰型
10033312, 德格拉斯, 德格拉斯, 德格拉斯级1号舰, 德格拉斯级1号舰, 德格拉斯级, 德格拉斯级
10033411, 不惧, 不惧, 41型1号舰, 41型1号舰, 41型, 41型
10033511, 伏尔塔, 伏尔塔, 莫加多尔级2号舰, 莫加多尔级2号舰, 莫加多尔级, 莫加多尔级
11000113, 胡德, 胡德, 海军上将级1号舰, 海军上将级1号舰, 海军上将级, 海军上将级
11000413, 伊势, 伊势, 伊势型1番舰, 伊势型1番舰, 伊势型, 伊势型
11000513, 日向, 日向, 伊势型2番舰, 伊势型2番舰, 伊势型, 伊势型
11000613, 俾斯麦, 俾斯麦, 俾斯麦级1号舰, 俾斯麦级1号舰, 俾斯麦级, 俾斯麦级
11000713, 提尔比茨, 提尔比茨, 俾斯麦级2号舰, 俾斯麦级2号舰, 俾斯麦级, 俾斯麦级
11000813, 纳尔逊, 纳尔逊, 纳尔逊级1号舰, 纳尔逊级1号舰, 纳尔逊级, 纳尔逊级
11000913, 罗德尼, 罗德尼, 纳尔逊级2号舰, 纳尔逊级2号舰, 纳尔逊级, 纳尔逊级
11001013, 威尔士亲王, 威尔士亲王, 英王乔治五世级2号舰, 英王乔治五世级2号舰, 英王乔治五世级, 英王乔治五世级
11001113, 内华达, 内华达, 内华达级1号舰, 内华达级1号舰, 内华达级, 内华达级
11001213, 俄克拉荷马, 俄克拉荷马, 内华达级2号舰, 内华达级2号舰, 内华达级, 内华达级
11001313, 安德烈亚·多利亚, 安德烈亚·多利亚, 安德烈亚·多利亚级1号舰, 安德烈亚·多利亚级1号舰, 安德烈亚·多利亚级, 安德烈亚·多利亚级
11001413, 金刚, 金刚, 金刚型1番舰, 金刚型1番舰, 金刚型, 金刚型
11001813, 声望, 声望, 声望级1号舰, 声望级1号舰, 声望级, 声望级
11001913, 反击, 反击, 声望级2号舰, 声望级2号舰, 声望级, 声望级
11002213, 赤城, 赤城, 赤城型1番舰, 赤城型1番舰, 赤城型, 赤城型
11002612, 百眼巨人, 百眼巨人, 百眼巨人级1号舰, 百眼巨人级1号舰, 百眼巨人级, 百眼巨人级
11002712, 兰利, 兰利, 兰利级1号舰, 兰利级1号舰, 兰利级, 兰利级
11002812, 突击者, 突击者, 突击者级1号舰, 突击者级1号舰, 突击者级, 突击者级
11002913, 列克星敦, 列克星敦, 列克星敦级1号舰, 列克星敦级1号舰, 列克星敦级, 列克星敦级
11003013, 萨拉托加, 萨拉托加, 列克星敦级2号舰, 列克星敦级2号舰, 列克星敦级, 列克星敦级
11003212, 高雄, 高雄, 高雄型1番舰, 高雄型1番舰, 高雄型, 高雄型
11003312, 爱宕, 爱宕, 高雄型2番舰, 高雄型2番舰, 高雄型, 高雄型
11003412, 摩耶, 摩耶, 高雄型3番舰, 高雄型3番舰, 高雄型, 高雄型
11003512, 鸟海, 鸟海, 高雄型4番舰, 高雄型4番舰, 高雄型, 高雄型
11003612, 希佩尔海军上将, 希佩尔海军上将, 希佩尔海军上将级1号舰, 希佩尔海军上将级1号舰, 希佩尔海军上将级, 希佩尔海军上将级
11003712, 布吕歇尔, 布吕歇尔, 希佩尔海军上将级2号舰, 希佩尔海军上将级2号舰, 希佩尔海军上将级, 希佩尔海军上将级
11003812, 欧根亲王, 欧根亲王, 希佩尔海军上将级3号舰, 希佩尔海军上将级3号舰, 希佩尔海军上将级, 希佩尔海军上将级
11003912, 威奇塔, 威奇塔, 威奇塔级1号舰, 威奇塔级1号舰, 威奇塔级, 威奇塔级
11004012, 昆西, 昆西, 新奥尔良级6号舰, 新奥尔良级6号舰, 新奥尔良级, 新奥尔良级
11004112, 天龙, 天龙, 天龙型1番舰, 天龙型1番舰, 天龙型, 天龙型
11004212, 龙田, 龙田, 天龙型2番舰, 天龙型2番舰, 天龙型, 天龙型
11004312, 北上, 北上, 球磨型3番舰, 球磨型3番舰, 球磨型, 球磨型
11004412, 大井, 大井, 球磨型4番舰, 球磨型4番舰, 球磨型, 球磨型
11004512, 五十铃, 五十铃, 长良型2番舰, 长良型2番舰, 长良型, 长良型
11004612, 夕张, 夕张, 夕张型1番舰, 夕张型1番舰, 夕张型, 夕张型
11004712, 柯尼斯堡, 柯尼斯堡, 柯尼斯堡级1号舰, 柯尼斯堡级1号舰, 柯尼斯堡级, 柯尼斯堡级
11004812, 卡尔斯鲁厄, 卡尔斯鲁厄, 柯尼斯堡级2号舰, 柯尼斯堡级2号舰, 柯尼斯堡级, 柯尼斯堡级
11004912, 科隆, 科隆, 柯尼斯堡级3号舰, 柯尼斯堡级3号舰, 柯尼斯堡级, 柯尼斯堡级
11005412, 重庆, 重庆, 林仙级4号舰, 林仙级4号舰, 林仙级, 林仙级
11005512, 奥马哈, 奥马哈, 奥马哈级1号舰, 奥马哈级1号舰, 奥马哈级, 奥马哈级
11005612, 亚特兰大, 亚特兰大, 亚特兰大级1号舰, 亚特兰大级1号舰, 亚特兰大级, 亚特兰大级
11005812, 奥希金斯, 奥希金斯, 布鲁克林级1号舰, 布鲁克林级1号舰, 布鲁克林级, 布鲁克林级
11005912, 海伦娜, 海伦娜, 布鲁克林级9号舰, 布鲁克林级9号舰, 布鲁克林级, 布鲁克林级
11006012, 宁海, 宁海, 宁海级1号舰, 宁海级1号舰, 宁海级, 宁海级
11006112, 平海, 平海, 宁海级2号舰, 宁海级2号舰, 宁海级, 宁海级
11006211, 罗伯茨, 罗伯茨, 罗伯茨级1号舰, 罗伯茨级1号舰, 罗伯茨级, 罗伯茨级
11006311, 阿贝克隆比, 阿贝克隆比, 罗伯茨级2号舰, 罗伯茨级2号舰, 罗伯茨级, 罗伯茨级
11006411, 吹雪, 吹雪, 吹雪型1番舰, 吹雪型1番舰, 吹雪型, 吹雪型
11006511, 白雪, 白雪, 吹雪型2番舰, 吹雪型2番舰, 吹雪型, 吹雪型
11006611, 初雪, 初雪, 吹雪型3番舰, 吹雪型3番舰, 吹雪型, 吹雪型
11006711, 深雪 , 深雪 , 吹雪型4番舰, 吹雪型4番舰, 吹雪型, 吹雪型
11006811, 晓, 晓, 晓型1番舰, 晓型1番舰, 晓型, 晓型
11006911, 信赖, 信赖, 晓型2番舰, 晓型2番舰, 晓型, 晓型
11007011, 雷, 雷, 晓型3番舰, 晓型3番舰, 晓型, 晓型
11007111, 电, 电, 晓型4番舰, 晓型4番舰, 晓型, 晓型
11007211, 绫波, 绫波, 绫波型1番舰, 绫波型1番舰, 绫波型, 绫波型
11007311, 敷波, 敷波, 绫波型2番舰, 绫波型2番舰, 绫波型, 绫波型
11007411, Z1, Z1, 1934型1号舰, 1934型1号舰, 1934型, 1934型
11007511, Z16, Z16, 1934A型11号舰, 1934A型11号舰, 1934A型, 1934A型
11008011, Z31, Z31, 1936AM型1号舰, 1936AM型1号舰, 1936AM型, 1936AM型
11008111, 紫石英, 紫石英, F116, F116, 黑天鹅级, 黑天鹅级
11008211, 萤火虫, 萤火虫, G级4号舰, G级4号舰, G级, G级
11008311, 标枪, 标枪, J级8号舰, J级8号舰, J级, J级
11008411, 天后, 天后, J级4号舰, J级4号舰, J级, J级
11008511, 黑背豺, 黑背豺, J级2号舰, J级2号舰, J级, J级
11008611, 哥萨克人, 哥萨克人, 部族级4号舰, 部族级4号舰, 部族级, 部族级
11008811, 旁遮普人, 旁遮普人, 部族级12号舰, 部族级12号舰, 部族级, 部族级
11008911, 弗莱彻, 弗莱彻, DD-445, DD-445, 弗莱彻级, 弗莱彻级
11009311, 基林, 基林, DD-710, DD-710, 基林级, 基林级
11009711, 长春, 长春, 6607型3号舰, 6607型3号舰, 6607型, 6607型
11009811, 沃克兰, 沃克兰, 沃克兰级1号舰, 沃克兰级1号舰, 沃克兰级, 沃克兰级
11009911, 空想, 空想, 空想级1号舰, 空想级1号舰, 空想级, 空想级
11010513, 前卫, 前卫, 前卫级1号舰, 前卫级1号舰, 前卫级, 前卫级
11010613, 田纳西, 田纳西, 田纳西级1号舰, 田纳西级1号舰, 田纳西级, 田纳西级
11010813, 科罗拉多, 科罗拉多, 科罗拉多级1号舰, 科罗拉多级1号舰, 科罗拉多级, 科罗拉多级
11010913, 马里兰, 马里兰, 科罗拉多级2号舰, 科罗拉多级2号舰, 科罗拉多级, 科罗拉多级
11011013, 西弗吉尼亚, 西弗吉尼亚, 科罗拉多级3号舰, 科罗拉多级3号舰, 科罗拉多级, 科罗拉多级
11011113, 华盛顿, 华盛顿, 北卡罗来纳级2号舰, 北卡罗来纳级2号舰, 北卡罗来纳级, 北卡罗来纳级
11011213, 维内托, 维内托, 维内托级1号舰, 维内托级1号舰, 维内托级, 维内托级
11011313, 黎塞留, 黎塞留, 黎塞留级1号舰, 黎塞留级1号舰, 黎塞留级, 黎塞留级
11011713, 大凤, 大凤, 大凤型1号舰, 大凤型1号舰, 大凤型, 大凤型
11012312, 博格, 博格, 博格级1号舰, 博格级1号舰, 博格级, 博格级
11012412, 追赶者, 追赶者, 攻击者级3号舰, 攻击者级3号舰, 攻击者级, 攻击者级
11012612, 普林斯顿, 普林斯顿, 独立级2号舰, 独立级2号舰, 独立级, 独立级
11013013, 斯佩伯爵海军上将, 斯佩伯爵海军上将, 德意志级3号舰, 德意志级3号舰, 德意志级, 德意志级
11013112, 古鹰, 古鹰, 古鹰型1番舰, 古鹰型1番舰, 古鹰型, 古鹰型
11013212, 加古, 加古, 古鹰型2番舰, 古鹰型2番舰, 古鹰型, 古鹰型
11013512, 伦敦, 伦敦, 伦敦级1号舰, 伦敦级1号舰, 伦敦级, 伦敦级
11013612, 肯特, 肯特, 肯特级1号舰, 肯特级1号舰, 肯特级, 肯特级
11014112, 北安普顿, 北安普顿, 北安普顿级1号舰, 北安普顿级1号舰, 北安普顿级, 北安普顿级
11014212, 休斯顿, 休斯顿, 北安普顿级5号舰, 北安普顿级5号舰, 北安普顿级, 北安普顿级
11014312, 新奥尔良, 新奥尔良, 新奥尔良级1号舰, 新奥尔良级1号舰, 新奥尔良级, 新奥尔良级
11016212, 逸仙, 逸仙, 无番号, 无番号, 无级别, 无级别
11016411, 秋月, 秋月, 秋月型1番舰, 秋月型1番舰, 秋月型, 秋月型
11016511, 凉月, 凉月, 秋月型3番舰, 秋月型3番舰, 秋月型, 秋月型
11017811, 沙利文, 沙利文, DD-537, DD-537, 弗莱彻级, 弗莱彻级
11018211, 波特, 波特, DD-356, DD-356, 波特级, 波特级
11018311, 拉菲, 拉菲, DD-724 , DD-724 , 艾伦·萨姆纳级, 艾伦·萨姆纳级
11019411, 大青花鱼, 大青花鱼, SS-218, SS-218, 小鲨鱼级, 小鲨鱼级
11019511, 射水鱼, 射水鱼, SS-311, SS-311, 白鱼级, 白鱼级
11019711, U47, U47, U47, U47, VIIB型, VIIB型
11021913, 瑞鹤, 瑞鹤, 翔鹤型2番舰, 翔鹤型2番舰, 翔鹤型, 翔鹤型
11022013, 翔鹤, 翔鹤, 翔鹤型1番舰, 翔鹤型1番舰, 翔鹤型, 翔鹤型
11022712, 飞鹰, 飞鹰, 飞鹰型1番舰, 飞鹰型1番舰, 飞鹰型, 飞鹰型
11022812, 隼鹰, 隼鹰, 飞鹰型2番舰, 飞鹰型2番舰, 飞鹰型, 飞鹰型
11024712, 香取, 香取, 香取型1番舰, 香取型1番舰, 香取型, 香取型
11024912, 莱比锡, 莱比锡, 莱比锡级1号舰, 莱比锡级1号舰, 莱比锡级, 莱比锡级
11026511, 岚, 岚, 阳炎型16番舰, 阳炎型16番舰, 阳炎型, 阳炎型
11026911, Z17, Z17, 1936型1号舰, 1936型1号舰, 1936型, 1936型
11028911, U81, U81, U81, U81, VIIC型, VIIC型
18000713, 提尔比茨, 提尔比茨, 俾斯麦级2号舰, 俾斯麦级2号舰, 俾斯麦级, 俾斯麦级
18000913, 萝德尼, 萝德尼, 纳尔逊级2号舰, 纳尔逊级2号舰, 纳尔逊级, 纳尔逊级
18001113, 内华达, 内华达, , , , 
18003812, 欧根亲王, 欧根亲王, , , , 
18011113, 华盛顿, 华盛顿, 北卡罗来纳级2号舰, 北卡罗来纳级2号舰, 北卡罗来纳级, 北卡罗来纳级
18011613, 戈本, 戈本, 毛奇级2号舰, 毛奇级2号舰, 毛奇级, 毛奇级
20000001, 驱逐Α级Ⅰ型, , , , 0, 
20000002, 驱逐Α级Ⅱ型, , , , 0, 
20000003, 驱逐Α级Ⅲ型, , , , 0, 
20000004, 驱逐Α级Ⅳ型, , , , 0, 
20000005, 驱逐Δ级Ⅰ型, , , , 0, 
20000006, 驱逐Δ级Ⅱ型, , , , 0, 
20000007, 驱逐Δ级Ⅲ型, , , , 0, 
20000008, 驱逐Γ级Ⅰ型, , , , 0, 
20000009, 驱逐Γ级Ⅱ型, , , , 0, 
20000010, 驱逐Γ级Ⅲ型, , , , 0, 
20000011, 驱逐Γ级Ⅳ型, , , , 0, 
20000012, 驱逐Β级Ⅰ型, , , , 0, 
20000013, 驱逐Β级Ⅱ型, , , , 0, 
20000014, 驱逐Β级Ⅲ型, , , , 0, 
20000015, 驱逐Β级Ⅳ型, , , , 0, 
20000016, 航母Ο级Ⅰ型, , , , 0, 
20000017, 航母Ο级Ⅱ型, , , , 0, 
20000018, 航母Ο级Ⅲ型, , , , 0, 
20000019, 航母Ο级Ⅳ型, , , , 0, 
20000020, 轻巡Η级Ⅰ型, , , , 0, 
20000021, 轻巡Η级Ⅱ型, , , , 0, 
20000022, 轻巡Η级Ⅲ型, , , , 0, 
20000023, 轻巡Ζ级Ⅰ型, , , , 0, 
20000024, 轻巡Ζ级Ⅱ型, , , , 0, 
20000025, 轻巡Ζ级Ⅲ型, , , , 0, 
20000026, 轻巡Ζ级Ⅳ型, , , , 0, 
20000027, 轻巡Ε级Ⅰ型, , , , 0, 
20000028, 轻巡Ε级Ⅱ型, , , , 0, 
20000029, 轻巡Ε级Ⅲ型, , , , 0, 
20000030, 轻巡Ε级Ⅳ型, , , , 0, 
20000031, 轻母Ξ级Ⅰ型, , , , 0, 
20000032, 轻母Ξ级Ⅱ型, , , , 0, 
20000033, 轻母Ξ级Ⅲ型, , , , 0, 
20000034, 轻母Ξ级Ⅳ型, , , , 0, 
20000035, 重巡Ι级Ⅰ型, , , , 0, 
20000036, 重巡Ι级Ⅱ型, , , , 0, 
20000037, 重巡Ι级Ⅲ型, , , , 0, 
20000038, 重巡Ι级Ⅳ型, , , , 0, 
20000039, 战列Μ级Ⅰ型, , , , 0, 
20000040, 战列Μ级Ⅱ型, , , , 0, 
20000041, 战列Μ级Ⅲ型, , , , 0, 
20000042, 战列Μ级Ⅳ型, , , , 0, 
20000043, 战列Λ级Ⅰ型, , , , 0, 
20000044, 战列Λ级Ⅱ型, , , , 0, 
20000045, 战列Λ级Ⅲ型, , , , 0, 
20000046, 战列Λ级Ⅳ型, , , , 0, 
20000047, 旗舰Ν级Ⅰ型, , , , 0, 
20000048, 旗舰Ν级Ⅱ型, , , , 0, 
20000049, 旗舰Ν级Ⅲ型, , , , 0, 
20000050, 潜艇Π级Ⅰ型, , , , 0, 
20000051, 潜艇Π级Ⅱ型, , , , 0, 
20000052, 潜艇Π级Ⅲ型, , , , 0, 
20000053, 潜艇Π级Ⅳ型, , , , 0, 
20000054, 潜艇Σ级Ⅰ型, , , , 0, 
20000055, 潜艇Σ级Ⅱ型, , , , 0, 
20000056, 潜艇Σ级Ⅲ型, , , , 0, 
20000057, 潜艇Ρ级Ⅰ型, , , , 0, 
20000058, 潜艇Ρ级Ⅱ型, , , , 0, 
20000059, 潜艇Ρ级Ⅲ型, , , , 0, 
20000060, 潜艇Ρ级Ⅳ型, , , , 0, 
20000061, 雷巡Θ级Ⅰ型, , , , 0, 
20000062, 雷巡Θ级Ⅱ型, , , , 0, 
20000063, 雷巡Θ级Ⅲ型, , , , 0, 
20000064, 雷巡Θ级Ⅳ型, , , , 0, 
20000065, 战巡Κ级Ⅰ型, , , , 0, 
20000066, 战巡Κ级Ⅱ型, , , , 0, 
20000067, 战巡Κ级Ⅲ型, , , , 0, 
20000068, 战巡Κ级Ⅳ型, , , , 0, 
20000069, 补给Υ级Ⅰ型, , , , 0, 
20000070, 补给Υ级Ⅱ型, , , , 0, 
20000071, 补给Υ级Ⅲ型, , , , 0, 
20000072, 补给Υ级Ⅳ型, , , , 0, 
20000073, 驱逐Τ级Ⅰ型, , , , 0, 
20000074, 驱逐Τ级Ⅱ型, , , , 0, 
20000075, 驱逐Τ级Ⅲ型, , , , 0, 
20000076, 驱逐Τ级Ⅳ型, , , , 0, 
20000077, 潜艇Φ级Ⅰ型, , , , 0, 
20000078, 潜艇Φ级Ⅱ型, , , , 0, 
20000079, 潜艇Φ级Ⅲ型, , , , 0, 
20000080, 潜艇Φ级Ⅳ型, , , , 0, 
20000081, 航母Χ级Ⅰ型, , , , 0, 
20000082, 航母Χ级Ⅱ型, , , , 0, 
20000083, 航母Χ级Ⅲ型, , , , 0, 
20000084, 航母Χ级Ⅳ型, , , , 0, 
20000085, 战列Ψ级Ⅰ型, , , , 0, 
20000086, 战列Ψ级Ⅱ型, , , , 0, 
20000087, 战列Ψ级Ⅲ型, , , , 0, 
20000088, 战列Ψ级Ⅳ型, , , , 0, 
20000089, 重巡Ω级Ⅰ型, , , , 0, 
20000090, 重巡Ω级Ⅱ型, , , , 0, 
20000091, 重巡Ω级Ⅲ型, , , , 0, 
20000092, 重巡Ω级Ⅳ型, , , , 0, 
20000093, 轻巡ei级Ⅰ型, , , , 0, 
20000094, 轻巡ei级Ⅱ型, , , , 0, 
20000095, 轻巡ei级Ⅲ型, , , , 0, 
20000096, 轻巡ei级Ⅳ型, , , , 0, 
20000099, npc_test, , , , 0, 
20000100, 导驱au级Ⅰ型, , , , 0, 
20000101, 导驱au级Ⅱ型, , , , 0, 
20000102, 导驱au级Ⅲ型, , , , 0, 
20000103, 导驱au级Ⅳ型, , , , 0, 
20100001, Sükhbaatar, , , , 0, 
20100002, (´・ω・｀), , , , 0, 
20100003, 迷路的运输舰, , , , 0, 
20100004, Odin, , , , 0, 
20100005, (´・∀・｀), , , , 0, 
20100006, Friedrich der Grosse, , , , 0, 
20100007, Derfflinger, , , , 0, 
20100008, Seydlitz, , , , 0, 
20100009, Markgraf, , , , 0, 
20100010, Regensburg, , , , 0, 
20100011, G39, , , , 0, 
20100012, Barbarossa, , , , 0, 
20100013, Barbarossa, , , , 0, 
20100014, Markgraf, , , , 0, 
20100015, (´・ω・｀), , , , 0, 
21010101, Georg Thiele, , , , 0, 
21010102, Wolfgang Zenker, , , , 0, 
21010103, Bernd von Arnim, , , , 0, 
21010104, Erich Giese, , , , 0, 
21010105, Erich Koellner, , , , 0, 
21010106, U-64, , , , 0, 
21010201, HMS Warspite, , , , 0, 
21010202, HMS Bedouin, , , , 0, 
21010203, HMS Cossack, , , , 0, 
21010204, HMS Punjabi, , , , 0, 
21010205, HMS Eskimo, , , , 0, 
21010206, HMS Hero, , , , 0, 
21020101, HMS Warspite, , , , 0, 
21020102, HMS Barham, , , , 0, 
21020103, HMS Valiant, , , , 0, 
21020104, HMS Ajax, , , , 0, 
21020105, HMS Gloucester, , , , 0, 
21020106, HMS Orion, , , , 0, 
21020201, HMS Formidable, , , , 0, 
21020202, HMS Warspite, , , , 0, 
21020203, HMS Barham, , , , 0, 
21020204, HMS Valiant, , , , 0, 
21020205, HMAS Stuart, , , , 0, 
21020206, HMS Nubian, , , , 0, 
21030101, Bismarck, , , , 0, 
21030102, Prinz Eugen, , , , 0, 
21030103, DD Z Class, , , , 0, 
21030104, DD Z Class, , , , 0, 
21030105, DD Z Class, , , , 0, 
21030106, DD Z Class, , , , 0, 
21030201, Bismarck, , , , 0, 
21030202, Prinz Eugen, , , , 0, 
21030203, DD Z Class, , , , 0, 
21030204, DD Z Class, , , , 0, 
21030205, SS U Class, , , , 0, 
21030206, SS U Class, , , , 0, 
21040101, Shoho, , , , 0, 
21040102, Aoba, , , , 0, 
21040103, Kako, , , , 0, 
21040104, Kinugasa, , , , 0, 
21040105, Furutaka, , , , 0, 
21040106, Sazanami, , , , 0, 
21040201, Shokaku, , , , 0, 
21040202, Zuikaku, , , , 0, 
21040203, Myoko, , , , 0, 
21040204, Haguro, , , , 0, 
21040205, Akebono, , , , 0, 
21040206, Ushio, , , , 0, 
21050101, HMS Aboukir, , , , 0, 
21050102, HMS Hogue, , , , 0, 
21050103, HMS Cressy, , , , 0, 
21050104, HMS Euryalus, , , , 0, 
21050105, HMS Formidable, , , , 0, 
21050106, HMS Beaver, , , , 0, 
21050201, HMS Aboukir, , , , 0, 
21050202, HMS Hogue, , , , 0, 
21050203, HMS Cressy, , , , 0, 
21050204, HMS Euryalus, , , , 0, 
21050205, HMS Beaver, , , , 0, 
21050206, HMS Pathfinder, , , , 0, 
22010101, 萤火虫, , , , 0, 
22010102, 基林, , , , 0, 
22010103, 吹雪, , , , 0, 
22010104, Z16, , , , 0, 
22010105, 宁海, , , , 0, 
22010106, 空想, , , , 0, 
22010201, 威尔士亲王, , , , 0, 
22010202, 欧根亲王, , , , 0, 
22010203, 新奥尔良, , , , 0, 
22010204, 昆西, , , , 0, 
22010205, 伦敦, , , , 0, 
22010206, 肯特, , , , 0, 
22010301, 列克星敦, , , , 0, 
22010302, 萨拉托加, , , , 0, 
22010303, 赤城, , , , 0, 
22010304, 加贺, , , , 0, 
22010305, 翔鹤, , , , 0, 
22010306, 瑞鹤, , , , 0, 
22010401, 威尔士亲王, , , , 0, 
22010402, 反击, , , , 0, 
22010403, 标枪, , , , 0, 
22010404, 天后, , , , 0, 
22010405, 黑背豺, , , , 0, 
22010406, 萤火虫, , , , 0, 
22010501, Yamato, , , , 0, 
22010502, Hiei, , , , 0, 
22010503, Kirishima, , , , 0, 
22010504, Akagi, , , , 0, 
22010505, Aoba, , , , 0, 
22010506, Akatsuki, , , , 0, 
23010101, 航母Ⅰ型, , , , 0, 
23010102, 旗舰Ⅰ型, , , , 0, 
23010103, 驱逐Ⅰ型, , , , 0, 
23010104, 战列Ⅰ型, , , , 0, 
23010105, 战巡Ⅰ型, , , , 0, 
23010106, 重巡Ⅰ型, , , , 0, 
23010107, 战列Ⅰ型, , , , 0, 
23010108, 战巡Ⅰ型, , , , 0, 
23010201, 航母Ⅱ型, , , , 0, 
23010202, 旗舰Ⅱ型, , , , 0, 
23010203, 驱逐Ⅱ型, , , , 0, 
23010204, 战列Ⅱ型, , , , 0, 
23010205, 战巡Ⅱ型, , , , 0, 
23010206, 重巡Ⅱ型, , , , 0, 
23010207, 战列Ⅱ型, , , , 0, 
23010208, 战巡Ⅱ型, , , , 0, 
23010209, 旗舰Ⅱ型, , , , 0, 
28010101, Mogami, , , , 0, 
28010102, Chōkai, , , , 0, 
28010103, Atago, , , , 0, 
28010104, Naka, , , , 0, 
28010105, Sendai, , , , 0, 
28010106, Murakumo, , , , 0, 
28010201, Soryu, , , , 0, 
28010202, Hiryū, , , , 0, 
28010203, Tone, , , , 0, 
28010204, Aoba, , , , 0, 
28010205, Yubari, , , , 0, 
28010206, Kisaragi, , , , 0, 
28010301, Rabaul, , , , 0, 
28010302, Zuikaku, , , , 0, 
28010303, Shokaku, , , , 0, 
28010304, Kongo, , , , 0, 
28010305, Myōkō, , , , 0, 
28010306, Shoho, , , , 0, 
28010401, Shinano, , , , 0, 
28010402, Taihou, , , , 0, 
28010403, Suruga, , , , 0, 
28010404, Yamato, , , , 0, 
28010405, Nagato, , , , 0, 
28010406, Takao, , , , 0, 
28010501, Schlieffen, , , , 0, 
28010502, Roon, , , , 0, 
28010503, U-131, , , , 0, 
28010504, V170, , , , 0, 
28010505, V171, , , , 0, 
28010506, V172, , , , 0, 
28010601, Europa, , , , 0, 
28010602, Mackensen, , , , 0, 
28010603, Sachsen, , , , 0, 
28010604, Frauenlob, , , , 0, 
28010605, Wiesbaden, , , , 0, 
28010606, U-132, , , , 0, 
28010701, Wallenstein, , , , 0, 
28010702, Prinz Eitel Friedric, , , , 0, 
28010703, S113, , , , 0, 
28010704, S114, , , , 0, 
28010705, S115, , , , 0, 
28010706, S116, , , , 0, 
28010801, Friedrich der Gross, , , , 0, 
28010802, Lutzow, , , , 0, 
28010803, Ersatz Yorck, , , , 0, 
28010804, V175, , , , 0, 
28010805, U-134, , , , 0, 
28010806, U-137, , , , 0, 
28010901, Hidenburg, , , , 0, 
28010902, Ludendorf, , , , 0, 
28010903, Frauenlob, , , , 0, 
28010904, V176, , , , 0, 
28010905, V177, , , , 0, 
28010906, U-134, , , , 0, 
28011001, Barbarossa, , , , 0, 
28011002, Moltke, , , , 0, 
28011003, Peter Strasser, , , , 0, 
28011004, Rostock, , , , 0, 
28011005, S-116, , , , 0, 
28011006, U-133, , , , 0, 
28011101, Chōkai, , , , 0, 
28011102, Aoba, , , , 0, 
28011103, Kinugasa, , , , 0, 
28011104, Furutaka, , , , 0, 
28011105, kako, , , , 0, 
28011106, Tenryu, , , , 0, 
28011201, Ryujo, , , , 0, 
28011202, Tone, , , , 0, 
28011203, Amatsukaze, , , , 0, 
28011204, Tokitsukaze, , , , 0, 
28011205, Zuikaku, , , , 0, 
28011206, Shokaku, , , , 0, 
28011301, Ryujo, , , , 0, 
28011302, Zuikaku, , , , 0, 
28011303, Shokaku, , , , 0, 
28011304, Yamato, , , , 0, 
28011305, Kirishima, , , , 0, 
28011306, Mutsuki, , , , 0, 
28011401, Ryujo, , , , 0, 
28011402, Yamato, , , , 0, 
28011403, Furutaka, , , , 0, 
28011404, Aoba, , , , 0, 
28011405, Kinugasa, , , , 0, 
28011406, Hatsuyuki, , , , 0, 
28011501, Ryujo, , , , 0, 
28011502, Zuikaku, , , , 0, 
28011503, Shokaku, , , , 0, 
28011504, Junyo, , , , 0, 
28011505, Kongo, , , , 0, 
28011506, Isuzu, , , , 0, 
28011601, Ryujo, , , , 0, 
28011602, Yamato, , , , 0, 
28011603, Hiei, , , , 0, 
28011604, Kirishima, , , , 0, 
28011605, Yukikaze, , , , 0, 
28011606, Ikazuchi, , , , 0, 
28011701, Ryujo, , , , 0, 
28011702, Yamato, , , , 0, 
28011703, Kirishima, , , , 0, 
28011704, Atago, , , , 0, 
28011705, Uranami, , , , 0, 
28011706, Shikinami, , , , 0, 
28011801, Schleswig-Holstein, , , , 0, 
28011802, Seydlitz, , , , 0, 
28011803, Z-34, , , , 0, 
28011804, Z-38, , , , 0, 
28011805, Z-36, , , , 0, 
28011806, Königsberg, , , , 0, 
28011901, A.IV, , , , 0, 
28011902, Bismarck, , , , 0, 
28011903, Weser, , , , 0, 
28011904, Hidenburg, , , , 0, 
28011905, Z-8, , , , 0, 
28011906, Z-10, , , , 0, 
28012001, Schleswig-Holstein, , , , 0, 
28012002, Seydlitz, , , , 0, 
28012003, Z-34, , , , 0, 
28012004, Z-38, , , , 0, 
28012005, Z-36, , , , 0, 
28012006, Königsberg, , , , 0, 
28012101, A.III, , , , 0, 
28012102, Bismarck, , , , 0, 
28012103, Peter Strasser, , , , 0, 
28012104, Hidenburg, , , , 0, 
28012105, Z-8, , , , 0, 
28012106, Z-10, , , , 0, 
29010101, Kaga, , , , 0, 
29010102, Tosa, , , , 0, 
29010103, Kii, , , , 0, 
29010104, Amagi, , , , 0, 
29010105, Akagi, , , , 0, 
29010106, Atago, , , , 0, 
29010201, Yamato, , , , 0, 
29010202, Musashi, , , , 0, 
29010203, Shinano, , , , 0, 
29010204, Taihou, , , , 0, 
29010205, Yahagi, , , , 0, 
29010206, Yukikaze, , , , 0, 
29010301, Kitagami, , , , 0, 
29010302, Ooi, , , , 0, 
29010303, I-19, , , , 0, 
29010304, I-168, , , , 0, 
29010305, Yuudachi, , , , 0, 
29010306, Ayanami, , , , 0, 
29010401, D.Yamato, , , , 0, 
29010402, Musashi, , , , 0, 
29010403, Shinano, , , , 0, 
29010404, Shigure, , , , 0, 
29010405, Nowaki, , , , 0, 
29010406, Yukikaze, , , , 0, 
29010501, Baltimore, , , , 0, 
29010502, Oakland, , , , 0, 
29010503, San Diego, , , , 0, 
29010504, Tanikaze, , , , 0, 
29010505, Hatsuzuki, , , , 0, 
29010506, Shiratsuyu, , , , 0, 
29010601, Cavalla, , , , 0, 
29010602, I-16, , , , 0, 
29010603, Yahagi, , , , 0, 
29010604, Noshiro, , , , 0, 
29010605, Wakaba, , , , 0, 
29010606, Asagumo, , , , 0, 
29010701, Ise, , , , 0, 
29010702, Hyuga, , , , 0, 
29010703, Kumano, , , , 0, 
29010704, Suzuya, , , , 0, 
29010705, Wakatsuki, , , , 0, 
29010706, Akizuki, , , , 0, 
29010801, Zuikaku, , , , 0, 
29010802, Shōkaku, , , , 0, 
29010803, SouthDakota, , , , 0, 
29010804, Mogami, , , , 0, 
29010805, Yukikaze, , , , 0, 
29010806, Urakaze, , , , 0, 
29010901, Zara, , , , 0, 
29010902, Gorizia, , , , 0, 
29010903, Fiume, , , , 0, 
29010904, Trento, , , , 0, 
29010905, Bolzano, , , , 0, 
29010906, Trieste, , , , 0, 
29011001, Alberto da Giussano, , , , 0, 
29011002, Alberico da Barbiano, , , , 0, 
29011101, Vittorio Veneto, , , , 0, 
29011102, Zara, , , , 0, 
29011103, Pola, , , , 0, 
29011104, Fiume, , , , 0, 
29011105, Duca degli Abruzzi, , , , 0, 
29011106, Giuseppe Garibaldi, , , , 0, 
29011201, Pachina, , , , 0, 
29011202, Sub-A, , , , 0, 
29011203, Sub-B, , , , 0, 
29011204, Catatani Airport, , , , 0, 
29011205, Syracu, , , , 0, 
29011206, Gale, , , , 0, 
29011301, I-168, , , , 0, 
29011302, I-169, , , , 0, 
29011303, I-171, , , , 0, 
29011304, I-172, , , , 0, 
29011305, I-25, , , , 0, 
29011306, I-26, , , , 0, 
29011401, Ryujo, , , , 0, 
29011402, Junyo, , , , 0, 
29011403, Maya, , , , 0, 
29011404, Takao, , , , 0, 
29011405, Abukuma, , , , 0, 
29011406, Shigure, , , , 0, 
29011501, Akagi, , , , 0, 
29011502, Kaga, , , , 0, 
29011503, Hiryū, , , , 0, 
29011504, Sōryū, , , , 0, 
29011505, Haruna, , , , 0, 
29011506, Kirishima, , , , 0, 
29011601, Yamato, , , , 0, 
29011602, Nagato, , , , 0, 
29011603, Mutsu, , , , 0, 
29011604, Hiryū, , , , 0, 
29011605, Sendai, , , , 0, 
29011606, Fubuki, , , , 0, 
29011701, Akagi&Kaga, , , , 0, 
29011702, Hiryū, , , , 0, 
29011703, Yamato, , , , 0, 
29011704, Sōryū, , , , 0, 
29011705, Nagato, , , , 0, 
29011706, Mutsu, , , , 0, 
29011801, Scharnhorst, , , , 0, 
29011802, Gneisenau, , , , 0, 
29011901, U-99, , , , 0, 
29011902, U-100, , , , 0, 
29011903, U-107, , , , 0, 
29011904, U-110, , , , 0, 
29011905, U-29, , , , 0, 
29011906, U-48, , , , 0, 
29011907, U-123, , , , 0, 
29012001, Bismarck, , , , 0, 
29012002, Prinz Eugen, , , , 0, 
29012003, DD Z Class, , , , 0, 
29012004, DD Z Class, , , , 0, 
29012005, DD Z Class, , , , 0, 
29012006, DD Z Class, , , , 0, 
29012101, Prinz Eugen, , , , 0, 
29012102, Scharnhorst, , , , 0, 
29012103, Gneisenau, , , , 0, 
29012104, JG-26, , , , 0, 
29012105, Z-7, , , , 0, 
29012106, Z-29, , , , 0, 
29012201, Tirpitz, , , , 0, 
29012202, JG-5, , , , 0, 
29012203, Troms, , , , 0, 
29012204, Hipper, , , , 0, 
29012205, Z-29, , , , 0, 
29012206, Z-40, , , , 0, 
29012301, HMS Juno, , , , 0, 
29012302, HMS Andromeda, , , , 0, 
29012303, HMS Diomede, , , , 0, 
29012304, HMS Eastbourne, , , , 0, 
29012305, HMS Jaguar, , , , 0, 
29012306, HMS Lincoln, , , , 0, 
29012401, Bismarck, , , , 0, 
29012402, Prinz Eugen, , , , 0, 
29012403, DD Z Class, , , , 0, 
29012404, DD Z Class, , , , 0, 
29012405, SS U Class, , , , 0, 
29012406, SS U Class, , , , 0, 
29012501, Tirpitz, , , , 0, 
29012502, JG-5, , , , 0, 
29012503, Troms, , , , 0, 
29012504, Hipper, , , , 0, 
29012505, Z-29, , , , 0, 
29012506, Z-40, , , , 0, 
29012601, D.Yamato, , , , 0, 
29012602, Musashi, , , , 0, 
29012603, Shinano, , , , 0, 
29012604, Shigure, , , , 0, 
29012605, Nowaki, , , , 0, 
29012606, Yukikaze, , , , 0, 
29012701, Zuikaku, , , , 0, 
29012702, Shōkaku, , , , 0, 
29012703, SouthDakota, , , , 0, 
29012704, Mogami, , , , 0, 
29012705, Yukikaze, , , , 0, 
29012706, Urakaze, , , , 0, 
29012801, Pachina, , , , 0, 
29012802, Sub-A, , , , 0, 
29012803, Sub-B, , , , 0, 
29012804, Catatani Airport, , , , 0, 
29012805, Syracu, , , , 0, 
29012806, Gale, , , , 0, 
29012901, Akagi&Kaga, , , , 0, 
29012902, Hiryū, , , , 0, 
29012903, Yamato, , , , 0, 
29012904, Sōryū, , , , 0, 
29012905, Nagato, , , , 0, 
29012906, Mutsu, , , , 0, 
29013001, Tirpitz, , , , 0, 
29013002, Prinz Eugen, , , , 0, 
29013003, Bismarck, , , , 0, 
29013004, Hipper, , , , 0, 
29013005, Z-29, , , , 0, 
29013006, Z-40, , , , 0, 
29013101, Sükhbaatar, , , , 0, 
29013102, Altmark, , , , 0, 
29013103, Odin, , , , 0, 
29013104, Steiermark, , , , 0, 
29013105, Goldenfels, , , , 0, 
29013106, Kurmark, , , , 0, 
29013201, Atago, , , , 0, 
29013202, Takao, , , , 0, 
29013203, Maya, , , , 0, 
29013204, Noshiro, , , , 0, 
29013205, Hayashimo, , , , 0, 
29013206, shimakaze, , , , 0, 
29013301, Yamato, , , , 0, 
29013302, Musashi, , , , 0, 
29013303, Nagato, , , , 0, 
29013304, Chōkai, , , , 0, 
29013305, Nowaki, , , , 0, 
29013306, Yukikaze, , , , 0, 
29013401, Zuikaku, , , , 0, 
29013402, Chitose, , , , 0, 
29013403, Ise, , , , 0, 
29013404, Hyuga, , , , 0, 
29013405, Isuzu, , , , 0, 
29013406, Shimotsuki, , , , 0, 
29013501, Yamashiro, , , , 0, 
29013502, Fuso, , , , 0, 
29013503, Mogami, , , , 0, 
29013504, Shigure, , , , 0, 
29013505, Yamagumo, , , , 0, 
29013506, Asagumo, , , , 0, 
29013601, Kamikaze, , , , 0, 
29013602, Yamato, , , , 0, 
29013603, Nagato, , , , 0, 
29013604, Kongo, , , , 0, 
29013605, Yukikaze, , , , 0, 
29013606, Nowaki, , , , 0, 
29013701, 大头目, , , , 0, 
29013801, Zuikaku, , , , 0, 
29013802, Chitose, , , , 0, 
29013803, Ise, , , , 0, 
29013804, Hyuga, , , , 0, 
29013805, Isuzu, , , , 0, 
29013806, Shimotsuki, , , , 0, 
29013901, Yamashiro, , , , 0, 
29013902, Fuso, , , , 0, 
29013903, Mogami, , , , 0, 
29013904, Shigure, , , , 0, 
29013905, Yamagumo, , , , 0, 
29013906, Asagumo, , , , 0, 
29014001, Kamikaze, , , , 0, 
29014002, Yamato, , , , 0, 
29014003, Nagato, , , , 0, 
29014004, Kongo, , , , 0, 
29014005, Yukikaze, , , , 0, 
29014006, Nowaki, , , , 0, 
29014101, Blücher, , , , 0, 
29014102, Emden, , , , 0, 
29014103, Lützow, , , , 0, 
29014104, Z2, , , , 0, 
29014105, Z4, , , , 0, 
29014106, Z20, , , , 0, 
29014201, Admiral Hipper, , , , 0, 
29014202, Admiral Scheer, , , , 0, 
29014203, Z16, , , , 0, 
29014204, Z29, , , , 0, 
29014205, Z30 , , , , 0, 
29014206, Z31, , , , 0, 
29014301, Scharnhorst, , , , 0, 
29014302, Gneisenau, , , , 0, 
29014303, Z33, , , , 0, 
29014304, Z34, , , , 0, 
29014305, Z38, , , , 0, 
29014306, Z30, , , , 0, 
29014401, TK-208, , , , 0, 
29014402, Кречет, , , , 0, 
29014403, Горшков, , , , 0, 
29014404, Щука-Б, , , , 0, 
29014405, 956A, , , , 0, 
29014406, SKR-6, , , , 0, 
29014407, Conyngham, , , , 0, 
29014408, Goldsborough, , , , 0, 
29014409, Charles f. Adams, , , , 0, 
29014410, Tattnall, , , , 0, 
29014501, Zeppelin, , , , 0, 
29014502, Bismarck, , , , 0, 
29014503, U-441, , , , 0, 
29014504, U-24, , , , 0, 
29014505, Z51, , , , 0, 
29014506, Z50, , , , 0, 
29014601, Derfflinger, , , , 0, 
29014602, Lutzow, , , , 0, 
29014603, Seydlitz, , , , 0, 
29014604, Moltke, , , , 0, 
29014605, Von der Tann, , , , 0, 
29014606, Regensburg, , , , 0, 
29014701, Friedrich der Grosse, , , , 0, 
29014702, Koenig, , , , 0, 
29014703, Markgraf, , , , 0, 
29014704, Rostock, , , , 0, 
29014705, Kronprinz, , , , 0, 
29014706, G39 , , , , 0, 
29014801, Friedrich der Grosse, , , , 0, 
29014802, Derfflinger, , , , 0, 
29014803, Seydlitz, , , , 0, 
29014804, Koenig, , , , 0, 
29014805, Kaiser, , , , 0, 
29014806, Kronprinz, , , , 0, 
29014901, Z-29, , , , 0, 
29014902, Z-23, , , , 0, 
29014903, Nürnberg, , , , 0, 
29014904, Admiral Hipper, , , , 0, 
29014905, Z-7, , , , 0, 
29014906, Z-3, , , , 0, 
29015001, Leopold（K5）, , , , 0, 
29015002, Derfflinger, , , , 0, 
29015003, Elbe River, , , , 0, 
29015004, Z-43, , , , 0, 
29015005, Scharnhorst, , , , 0, 
29015006, Z-27, , , , 0, 
29015007, Gneisenau, , , , 0, 
29015101, Leopold（K5）, , , , 0, 
29015102, barbarossa, , , , 0, 
29015103, Hidenburg, , , , 0, 
29015104, Bismarck, , , , 0, 
29015105, Tirpitz, , , , 0, 
29015106, Schleswig-Holstein, , , , 0, 
29015107, barbarossa, , , , 0, 
29015108, Hidenburg, , , , 0, 
29015109, Bismarck, , , , 0, 
29015201, Z-29, , , , 0, 
29015202, Z-23, , , , 0, 
29015203, Nürnberg, , , , 0, 
29015204, Admiral Hipper, , , , 0, 
29015205, Z-7, , , , 0, 
29015206, Z-3, , , , 0, 
29015301, Leopold（K5）, , , , 0, 
29015302, Derfflinger, , , , 0, 
29015303, Graf Zeppelin, , , , 0, 
29015304, Z-43, , , , 0, 
29015305, Scharnhorst, , , , 0, 
29015306, Z-27, , , , 0, 
29015307, Gneisenau, , , , 0, 
29015401, Leopold（K5）, , , , 0, 
29015402, barbarossa, , , , 0, 
29015403, Hidenburg, , , , 0, 
29015404, Bismarck, , , , 0, 
29015405, Tirpitz, , , , 0, 
29015406, Schleswig-Holstein, , , , 0, 
29015407, barbarossa, , , , 0, 
29015408, Hidenburg, , , , 0, 
29015409, Bismarck, , , , 0, 
